{"version": 2, "width": 151, "height": 42, "timestamp": 1557735416, "idle_time_limit": 1.0, "env": {"SHELL": "/bin/bash", "TERM": "xterm-256color"}}
[0.068218, "o", "\u001b]0;steven@honshu: ~\u0007\u001b[01;32msteven@honshu\u001b[00m:\u001b[01;34m~\u001b[00m$ "]
[1.328112, "o", "c"]
[1.447966, "o", "l"]
[1.746152, "o", "u"]
[1.831639, "o", "s"]
[2.059422, "o", "t"]
[2.176181, "o", "er "]
[3.604962, "o", "s"]
[3.794527, "o", "t"]
[3.887082, "o", "a"]
[4.02656, "o", "r"]
[4.217686, "o", "t"]
[4.368106, "o", " "]
[5.360582, "o", "-"]
[5.50933, "o", "-"]
[5.767283, "o", "n"]
[5.890415, "o", "a"]
[6.517507, "o", "me "]
[10.396401, "o", "\u0007"]
[10.775825, "o", "\r\nexample_002  hdf5         medium       small        \r\n\u001b]0;steven@honshu: ~\u0007\u001b[01;32msteven@honshu\u001b[00m:\u001b[01;34m~\u001b[00m$ cluster start --name "]
[11.878788, "o", "m"]
[11.996409, "o", "e"]
[12.207443, "o", "d"]
[12.778167, "o", "ium "]
[15.489427, "o", "-"]
[15.63802, "o", "-"]
[16.078269, "o", "s"]
[16.715701, "o", "ize "]
[23.037927, "o", "4"]
[23.202474, "o", "0"]
[29.316409, "o", "\b\u001b[K"]
[29.536621, "o", "\b\u001b[K"]
[32.50484, "o", "3"]
[34.723523, "o", " "]
[37.905434, "o", "\u0007-"]
[38.287983, "o", "\u0007"]
[39.090663, "o", "\r\n--ami             --ebs-volumes     --help            --io-servers      --name            --partition-name  --tcp-ports       --zone\r\n--bid-price       -h                --instance-type   --ip              --no-configure    --size            --udp-ports       \r\n"]
[39.090747, "o", "\u001b]0;steven@honshu: ~\u0007\u001b[01;32msteven@honshu\u001b[00m:\u001b[01;34m~\u001b[00m$ cluster start --name medium --size 3 -"]
[41.042275, "o", "-"]
[41.444637, "o", "i"]
[41.530946, "o", "o"]
[41.956352, "o", "-servers "]
[43.137493, "o", "1"]
[43.360564, "o", " "]
[48.207909, "o", "-"]
[48.339805, "o", "-"]
[48.639671, "o", "i"]
[48.900073, "o", "p"]
[49.416313, "o", " "]
[50.350201, "o", "52.2.17.127 "]
[51.487365, "o", " "]
[56.95287, "o", "-"]
[57.061108, "o", "-"]
[57.527194, "o", "b"]
[57.75675, "o", "i"]
[58.236526, "o", "d-price "]
[59.899018, "o", "."]
[59.949329, "o", "1"]
[62.009748, "o", "\r\n"]
[62.382182, "o", "04:17:59   INFO     --------------------------------------------------------------------------------\r\n"]
[62.382369, "o", "04:17:59   INFO                               STARTING H5CLUSTER                                    \r\n04:17:59   INFO     --------------------------------------------------------------------------------\r\n04:17:59   INFO     creating cluster 'medium' in zone: us-east-1a with bid price = .1, c3.large tcp: 22 udp: \r\n"]
[62.382599, "o", "04:17:59   INFO     creating placement group: medium\r\n"]
[62.781793, "o", "04:17:59   INFO     creating VPC in zone: us-east-1a \r\n"]
[64.906211, "o", "04:18:01   INFO     updating security groups...\r\n"]
[65.270024, "o", "04:18:01   INFO     adding ports to ec2.SecurityGroup(id='sg-08e64a6ce66281e23')\r\n"]
[66.009193, "o", "04:18:02   INFO     reading public key from: ~/.ssh/id_rsa.pub\r\n"]
[66.00956, "o", "04:18:02   INFO     uploading local ssh key to AWS EC2: used for root and user login...\r\n"]
[67.322384, "o", "04:18:03   INFO     waiting for spot request ['sir-jzc877mk']\r\n"]
[69.915717, "o", "04:18:06   INFO     waiting for instances to come running state\r\n"]
[88.692992, "o", "04:18:25   INFO     tagging master node: i-010d23db701f0c818 \r\n"]
[89.055823, "o", "04:18:25   INFO     attaching EBS volumes to master node i-010d23db701f0c818 ...\r\n"]
[91.17486, "o", "04:18:27   INFO     waiting for spot request ['sir-iimi57fh', 'sir-zt687skk']\r\n"]
[93.794638, "o", "04:18:30   INFO     waiting for instances to come running state\r\n"]
[112.589882, "o", "04:18:49   INFO     tagging nodes...\r\n"]
[140.536164, "o", "04:19:17   INFO     upload configuration to all 3 nodes\r\n"]
[140.626456, "o", "04:19:17   INFO     starting up OrangeFS data and meta servers on 3 IO nodes\r\n"]
[141.059143, "o", "04:19:17   INFO     starting OrangeFS client services on all nodes...\r\n"]
[141.543374, "o", "04:19:18   INFO     mounting shared home on all nodes...\r\n"]
[141.714633, "o", "04:19:18   INFO     getting user credentials from AWS IAM and localhost...\r\n"]
[141.715098, "o", "04:19:18   INFO     retreiving EC2 IAM credentials \r\n"]
[141.76911, "o", "04:19:18   INFO     reading public key from: ~/.ssh/id_rsa.pub\r\n"]
[143.157929, "o", "04:19:19   INFO     2 iam ssh keys found for steven...\r\n"]
[143.355864, "o", "04:19:20   INFO     creating users on all nodes with shared home...\r\n"]
[146.942475, "o", "04:19:23   INFO     setting up scratch disk on IO nodes...\r\n"]
[147.159478, "o", "04:19:23   INFO     creating slurm configuration file...\r\n"]
[148.116153, "o", "04:19:24   INFO     generating slurm configuration file...\r\n"]
[148.330932, "o", "04:19:24   INFO     starting slurmd on all nodes...\r\n"]
[159.329648, "o", "04:19:35   INFO     waiting for volumes attached to node... \r\n"]
[160.5929, "o", "04:19:37   INFO     mounting attached EBS volumes:\r\n04:19:37   INFO     \tvol-0f10ba208113d6c69  /dev/xvdp --> master:/mnt/ebs01\r\n"]
[161.374652, "o", "04:19:38   INFO     assigning 52.2.17.127 to master node...\r\n"]
[162.077188, "o", "04:19:38   INFO     --------------------------------------------------------------------------------\r\n"]
[162.077562, "o", "04:19:38   INFO     cluster is ready, please log in with: `ssh 52.2.17.127`\r\n"]
[162.155581, "o", "\u001b]0;steven@honshu: ~\u0007\u001b[01;32msteven@honshu\u001b[00m:\u001b[01;34m~\u001b[00m$ "]
[164.724937, "o", "s"]
[164.849578, "o", "s"]
[165.071645, "o", "h"]
[165.175867, "o", " "]
[165.830783, "o", "m"]
[165.898352, "o", "a"]
[165.952564, "o", "s"]
[166.245144, "o", "t"]
[166.330504, "o", "e"]
[166.486457, "o", "r"]
[167.839525, "o", "\r\n"]
[175.92218, "o", "______________________________________________________________________________\r\n ,,                             ,,\r\n`7MM                           `7MM                       mm\r\n  MM                             MM                       MM\r\n  MMpMMMb.  M******      ,p6\"bo  MM `7MM  `7MM  ,pP\"Ybd mmMMmm .gP\"Ya `7Mb,od8\r\n  MM    MM .M           6M'  OO  MM   MM    MM  8I   `\"   MM  ,M'   Yb  MM' \"'\r\n  MM    MM |bMMAg.      8M       MM   MM    MM  `YMMMa.   MM  8M\"\"\"\"\"\"  MM\r\n  MM    MM      `Mb     YM.    , MM   MM    MM  L.   I8   MM  YM.    ,  MM\r\n.JMML  JMML.     jM      YMbmd'.JMML. `Mbod\"YML.M9mmmP'   `Mbmo`Mbmmd'.JMML.\r\n           (O)  ,M9\r\nv1.0.3      6mmm9                     vargaconsulting.ca  2019, Toronto, Canada\r\n_______________________________________________________________________________\r\n\r\n\r\n"]
[176.512182, "o", "\u001b]0;steven@master: ~\u0007\u001b[01;32msteven@master\u001b[00m:\u001b[01;34m~\u001b[00m$ "]
[177.923316, "o", "l"]
[177.998133, "o", "s"]
[178.119172, "o", " "]
[178.784202, "o", "/"]
[179.130398, "o", "h"]
[179.171886, "o", "ome/"]
[179.652736, "o", "\r\n"]
[179.668643, "o", "\u001b[0m\u001b[01;34mdax\u001b[0m  \u001b[01;34melena\u001b[0m  \u001b[01;34mgerd\u001b[0m  \u001b[01;34mjed\u001b[0m  \u001b[01;34mjessica\u001b[0m  \u001b[01;34mles\u001b[0m  \u001b[01;34msteven\u001b[0m\r\n\u001b]0;steven@master: ~\u0007\u001b[01;32msteven@master\u001b[00m:\u001b[01;34m~\u001b[00m$ "]
[182.38193, "o", "s"]
[182.779184, "o", "i"]
[182.927642, "o", "n"]
[183.011527, "o", "fo "]
[183.521801, "o", "\r\n"]
[183.996234, "o", "PARTITION        AVAIL  TIMELIMIT  NODES  STATE NODELIST\r\nperformace-test*    up   infinite      3   idle master,node[01-02]\r\n"]
[183.996806, "o", "\u001b]0;steven@master: ~\u0007\u001b[01;32msteven@master\u001b[00m:\u001b[01;34m~\u001b[00m$ "]
[201.715309, "o", "logout\r\n"]
[201.73044, "o", "\u001b]0;steven@honshu: ~\u0007\u001b[01;32msteven@honshu\u001b[00m:\u001b[01;34m~\u001b[00m$ "]
[209.761341, "o", "exit\r\n"]
