{"version": 2, "width": 151, "height": 42, "timestamp": 1557735649, "idle_time_limit": 1.0, "env": {"SHELL": "/bin/bash", "TERM": "xterm-256color"}}
[0.065841, "o", "\u001b]0;steven@honshu: ~\u0007\u001b[01;32msteven@honshu\u001b[00m:\u001b[01;34m~\u001b[00m$ "]
[0.852745, "o", "c"]
[1.017327, "o", "l"]
[1.285271, "o", "u"]
[1.347853, "o", "ster "]
[2.266163, "o", "a"]
[2.503768, "o", "d"]
[2.651251, "o", "d"]
[3.869309, "o", " "]
[4.5504, "o", "-"]
[4.682305, "o", "-"]
[4.941674, "o", "n"]
[5.073357, "o", "a"]
[5.725838, "o", "me "]
[7.111609, "o", "medium "]
[11.015151, "o", "-"]
[11.15496, "o", "-"]
[11.961609, "o", "s"]
[12.24759, "o", "i"]
[12.707771, "o", "ze "]
[20.134918, "o", "5"]
[20.245165, "o", "7"]
[22.875034, "o", " "]
[32.100173, "o", "\r\n"]
[34.05216, "o", "04:21:23   INFO     waiting for spot request 20\r\n"]
[37.672783, "o", "04:21:26   INFO     waiting for spot request 20\r\n"]
[41.64169, "o", "04:21:30   INFO     waiting for spot request 17\r\n"]
[44.273058, "o", "04:21:33   INFO     waiting for instances to come running state\r\n"]
[71.597946, "o", "04:22:00   INFO     tagging nodes...\r\n"]
[150.229099, "o", "04:23:19   INFO     upload configuration to all 60 nodes\r\n"]
[151.103006, "o", "04:23:20   INFO     starting up OrangeFS data and meta servers on 60 IO nodes\r\n"]
[151.742386, "o", "04:23:21   INFO     starting OrangeFS client services on all nodes...\r\n"]
[152.401647, "o", "04:23:21   INFO     mounting shared home on all nodes...\r\n"]
[153.151834, "o", "04:23:22   INFO     getting user credentials from AWS IAM and localhost...\r\n"]
[153.152406, "o", "04:23:22   INFO     retreiving EC2 IAM credentials \r\n"]
[153.203964, "o", "04:23:22   INFO     reading public key from: ~/.ssh/id_rsa.pub\r\n"]
[154.59921, "o", "04:23:23   INFO     2 iam ssh keys found for steven...\r\n"]
[154.785798, "o", "04:23:24   INFO     creating users on all nodes with shared home...\r\n"]
[278.11899, "o", "04:25:27   INFO     setting up scratch disk on IO nodes...\r\n"]
[283.847067, "o", "04:25:33   INFO     creating slurm configuration file...\r\n"]
[284.955034, "o", "04:25:34   INFO     generating slurm configuration file...\r\n"]
[285.822774, "o", "04:25:35   INFO     starting slurmd on all nodes...\r\n"]
[296.520372, "o", "\u001b]0;steven@honshu: ~\u0007\u001b[01;32msteven@honshu\u001b[00m:\u001b[01;34m~\u001b[00m$ "]
[335.672268, "o", "s"]
[335.90037, "o", "s"]
[336.209836, "o", "h"]
[336.322288, "o", " "]
[363.524757, "o", "m"]
[363.592075, "o", "a"]
[363.680451, "o", "s"]
[364.018696, "o", "t"]
[364.095673, "o", "e"]
[365.416231, "o", "\b\u001b[K"]
[365.916358, "o", "\b\u001b[K"]
[365.963488, "o", "\b\u001b[K"]
[366.011757, "o", "\b\u001b[K"]
[366.059813, "o", "\b\u001b[K"]
[366.108556, "o", "\b\u001b[K"]
[366.157023, "o", "\b\u001b[K"]
[366.204892, "o", "\b\u001b[K"]
[366.252737, "o", "\b\u001b[K"]
[366.300893, "o", "\u0007"]
[366.348674, "o", "\u0007"]
[366.396665, "o", "\u0007"]
[366.445358, "o", "\u0007"]
[367.000983, "o", "c"]
[367.136203, "o", "l"]
[367.39495, "o", "u"]
[367.463299, "o", "s"]
[367.711992, "o", "ter "]
[369.438619, "o", "c"]
[369.852241, "o", "o"]
[370.095361, "o", "n"]
[370.226998, "o", "f"]
[370.377097, "o", "i"]
[370.716932, "o", "g"]
[371.186082, "o", "ure "]
[372.03465, "o", "-"]
[372.167339, "o", "-"]
[372.617292, "o", "n"]
[372.986907, "o", "a"]
[373.683833, "o", "me "]
[374.906639, "o", "medium "]
[376.640796, "o", "\r\n"]
[377.015353, "o", "04:27:06   INFO     --------------------------------------------------------------------------------\r\n04:27:06   INFO                               CONFIGURING H5CLUSTER                                 \r\n"]
[377.015528, "o", "04:27:06   INFO     --------------------------------------------------------------------------------\r\n"]
[463.591473, "o", "04:28:32   INFO     upload configuration to all 60 nodes\r\n"]
[464.501726, "o", "04:28:33   INFO     starting up OrangeFS data and meta servers on 60 IO nodes\r\n"]
[465.166935, "o", "04:28:34   INFO     starting OrangeFS client services on all nodes...\r\n"]
[465.748901, "o", "04:28:35   INFO     mounting shared home on all nodes...\r\n"]
[469.889489, "o", "04:28:39   INFO     getting user credentials from AWS IAM and localhost...\r\n"]
[469.889641, "o", "04:28:39   INFO     retreiving EC2 IAM credentials \r\n"]
[469.936107, "o", "04:28:39   INFO     reading public key from: ~/.ssh/id_rsa.pub\r\n"]
[471.423664, "o", "04:28:40   INFO     2 iam ssh keys found for steven...\r\n"]
[471.627023, "o", "04:28:40   INFO     creating users on all nodes with shared home...\r\n"]
[475.043171, "o", "04:28:44   INFO     setting up scratch disk on IO nodes...\r\n"]
[475.670427, "o", "04:28:44   INFO     creating slurm configuration file...\r\n"]
[476.275254, "o", "04:28:45   INFO     generating slurm configuration file...\r\n"]
[477.09708, "o", "04:28:46   INFO     starting slurmd on all nodes...\r\n"]
[487.729471, "o", "04:28:57   INFO     --------------------------------------------------------------------------------\r\n"]
[487.729643, "o", "04:28:57   INFO     cluster is ready, please log in with: `ssh 52.2.17.127`\r\n"]
[487.82034, "o", "\u001b]0;steven@honshu: ~\u0007\u001b[01;32msteven@honshu\u001b[00m:\u001b[01;34m~\u001b[00m$ "]
[497.482805, "o", "s"]
[497.639862, "o", "s"]
[497.925122, "o", "h"]
[498.012867, "o", " "]
[498.318537, "o", "m"]
[498.378171, "o", "a"]
[498.504105, "o", "s"]
[499.107334, "o", "t"]
[499.231616, "o", "e"]
[499.341426, "o", "r"]
[499.810707, "o", "\r\n"]
[500.540215, "o", "______________________________________________________________________________\r\n ,,                             ,,\r\n`7MM                           `7MM                       mm\r\n  MM                             MM                       MM\r\n  MMpMMMb.  M******      ,p6\"bo  MM `7MM  `7MM  ,pP\"Ybd mmMMmm .gP\"Ya `7Mb,od8\r\n  MM    MM .M           6M'  OO  MM   MM    MM  8I   `\"   MM  ,M'   Yb  MM' \"'\r\n  MM    MM |bMMAg.      8M       MM   MM    MM  `YMMMa.   MM  8M\"\"\"\"\"\"  MM\r\n  MM    MM      `Mb     YM.    , MM   MM    MM  L.   I8   MM  YM.    ,  MM\r\n.JMML  JMML.     jM      YMbmd'.JMML. `Mbod\"YML.M9mmmP'   `Mbmo`Mbmmd'.JMML.\r\n           (O)  ,M9\r\nv1.0.3      6mmm9                     vargaconsulting.ca  2019, Toronto, Canada\r\n_______________________________________________________________________________\r\n\r\n\r\n"]
[500.632291, "o", "\u001b]0;steven@master: ~\u0007\u001b[01;32msteven@master\u001b[00m:\u001b[01;34m~\u001b[00m$ "]
[501.858421, "o", "l"]
[501.92641, "o", "s"]
[502.047932, "o", " "]
[502.752707, "o", "/"]
[503.13055, "o", "h"]
[503.195383, "o", "ome/"]
[503.57306, "o", "\r\n"]
[503.591529, "o", "\u001b[0m\u001b[01;34mdax\u001b[0m  \u001b[01;34melena\u001b[0m  \u001b[01;34mgerd\u001b[0m  \u001b[01;34mjed\u001b[0m  \u001b[01;34mjessica\u001b[0m  \u001b[34;42mlost+found\u001b[0m  \u001b[01;34msteven\u001b[0m\r\n\u001b]0;steven@master: ~\u0007\u001b[01;32msteven@master\u001b[00m:\u001b[01;34m~\u001b[00m$ "]
[507.938776, "o", "s"]
[508.296185, "o", "i"]
[508.483141, "o", "n"]
[508.570149, "o", "fo "]
[509.007204, "o", "\r\n"]
[509.022589, "o", "PARTITION        AVAIL  TIMELIMIT  NODES  STATE NODELIST\r\nperformace-test*    up   infinite     60   idle master,node[01-59]\r\n\u001b]0;steven@master: ~\u0007\u001b[01;32msteven@master\u001b[00m:\u001b[01;34m~\u001b[00m$ "]
[512.848219, "o", "s"]
[513.133687, "o", "r"]
[513.417846, "o", "u"]
[513.661993, "o", "n"]
[514.337825, "o", " "]
[515.010635, "o", "-"]
[515.320039, "o", "n"]
[516.088378, "o", " "]
[517.060901, "o", "6"]
[517.145942, "o", " "]
[517.963996, "o", "h"]
[518.216459, "o", "o"]
[518.283188, "o", "s"]
[519.428271, "o", "t"]
[519.61599, "o", "n"]
[519.794486, "o", "a"]
[519.891281, "o", "m"]
[520.054014, "o", "e"]
[520.776881, "o", "\r\n"]
[520.870116, "o", "srun: error: Unable to allocate resources: Requested node configuration is not available\r\nsrun: Force Terminated job 2\r\n"]
