{"version": 2, "width": 169, "height": 45, "timestamp": 1557816339, "env": {"SHELL": "/bin/bash", "TERM": "xterm-256color"}}
[0.0491, "o", "\u001b]0;steven@honshu: ~\u0007\u001b[01;32msteven@honshu\u001b[00m:\u001b[01;34m~\u001b[00m$ "]
[1.247122, "o", "s"]
[1.419811, "o", "s"]
[1.561517, "o", "h"]
[1.641886, "o", " "]
[2.224508, "o", "s"]
[2.428879, "o", "a"]
[2.585577, "o", "n"]
[2.790302, "o", "d"]
[3.211124, "o", "b"]
[4.01334, "o", "o"]
[4.120486, "o", "x"]
[5.774728, "o", "\r\n"]
[6.653961, "o", "______________________________________________________________________________\r\n ,,                             ,,\r\n`7MM                           `7MM                       mm\r\n  MM                             MM                       MM\r\n  MMpMMMb.  M******      ,p6\"bo  MM `7MM  `7MM  ,pP\"Ybd mmMMmm .gP\"Ya `7Mb,od8\r\n  MM    MM .M           6M'  OO  MM   MM    MM  8I   `\"   MM  ,M'   Yb  MM' \"'\r\n  MM    MM |bMMAg.      8M       MM   MM    MM  `YMMMa.   MM  8M\"\"\"\"\"\"  MM\r\n  MM    MM      `Mb     YM.    , MM   MM    MM  L.   I8   MM  YM.    ,  MM\r\n.JMML  JMML.     jM      YMbmd'.JMML. `Mbod\"YML.M9mmmP'   `Mbmo`Mbmmd'.JMML.\r\n           (O)  ,M9\r\nv1.0.3      6mmm9                     vargaconsulting.ca  2019, Toronto, Canada\r\n_______________________________________________________________________________\r\n\r\n\r\nLast login: Tue May 14 06:41:13 2019 from 172.97.243.137\r\r\n"]
[6.768072, "o", "\u001b]0;steven@master: ~\u0007\u001b[01;32msteven@master\u001b[00m:\u001b[01;34m~\u001b[00m$ "]
[11.544955, "o", "l"]
[11.667623, "o", "s"]
[12.564861, "o", "b"]
[12.905696, "o", "l"]
[13.683331, "o", "k "]
[15.737548, "o", "\r\n"]
[15.753749, "o", "NAME        MAJ:MIN RM   SIZE RO TYPE MOUNTPOINT\r\nnvme4n1     259:0    0     8G  0 disk \r\n└─nvme4n1p1 259:1    0     8G  0 part /\r\nnvme1n1     259:2    0 838.2G  0 disk \r\n├─nvme1n1p1 259:10   0 838.2G  0 part \r\n└─nvme1n1p9 259:11   0     8M  0 part \r\nnvme0n1     259:3    0 838.2G  0 disk \r\n├─nvme0n1p1 259:8    0 838.2G  0 part \r\n└─nvme0n1p9 259:9    0     8M  0 part \r\nnvme2n1     259:4    0 838.2G  0 disk \r\n├─nvme2n1p1 259:6    0 838.2G  0 part \r\n└─nvme2n1p9 259:7    0     8M  0 part \r\nnvme3n1     259:5    0 838.2G  0 disk \r\n├─nvme3n1p1 259:12   0 838.2G  0 part \r\n└─nvme3n1p9 259:13   0     8M  0 part \r\n\u001b]0;steven@master: ~\u0007\u001b[01;32msteven@master\u001b[00m:\u001b[01;34m~\u001b[00m$ "]
[18.340932, "o", "l"]
[18.482021, "o", "s"]
[19.971712, "o", "c"]
[20.202586, "o", "p"]
[21.461691, "o", "u "]
[22.249041, "o", "\r\n"]
[22.318074, "o", "Architecture:        x86_64\r\nCPU op-mode(s):      32-bit, 64-bit\r\nByte Order:          Little Endian\r\nCPU(s):              96\r\nOn-line CPU(s) list: 0-95\r\nThread(s) per core:  2\r\nCore(s) per socket:  24\r\nSocket(s):           2\r\nNUMA node(s):        2\r\nVendor ID:           GenuineIntel\r\nCPU family:          6\r\nModel:               85\r\nModel name:          Intel(R) Xeon(R) Platinum 8175M CPU @ 2.50GHz\r\nStepping:            4\r\nCPU MHz:             1200.035\r\nCPU max MHz:         3500.0000\r\nCPU min MHz:         1200.0000\r\nBogoMIPS:            5000.00\r\nVirtualization:      VT-x\r\nL1d cache:           32K\r\nL1i cache:           32K\r\nL2 cache:            1024K\r\nL3 cache:            33792K\r\nNUMA node0 CPU(s):   0-23,48-71\r\nNUMA node1 CPU(s):   24-47,72-95\r\nFlags:               fpu vme de pse tsc msr pae mce cx8 apic sep mtrr pge mca cmov pat pse36 clflush dts acpi mmx fxsr sse sse2 ss ht tm pbe syscall nx pdpe1gb rdtscp lm constant_tsc art arch_perfmon pebs bts rep_good nopl xtopology nonstop_tsc cpuid aperfmperf pni pcl"]
[22.318249, "o", "mulqdq dtes64 monitor ds_cpl vmx smx est tm2 ssse3 sdbg fma cx16 xtpr pdcm pcid dca sse4_1 sse4_2 x2apic movbe popcnt tsc_deadline_timer aes xsave avx f16c rdrand lahf_lm abm 3dnowprefetch cpuid_fault epb cat_l3 cdp_l3 invpcid_single pti retpoline intel_ppin mba rsb_ctxsw tpr_shadow vnmi flexpriority ept vpid fsgsbase tsc_adjust bmi1 hle avx2 smep bmi2 erms invpcid rtm cqm mpx rdt_a avx512f avx512dq rdseed adx smap clflushopt clwb intel_pt avx512cd avx512bw avx512vl xsaveopt xsavec xgetbv1 xsaves cqm_llc cqm_occup_llc cqm_mbm_total cqm_mbm_local dtherm ida arat pln pts hwp hwp_act_window hwp_epp hwp_pkg_req pku ospke\r\n\u001b]0;steven@master: ~\u0007\u001b[01;32msteven@master\u001b[00m:\u001b[01;34m~\u001b[00m$ "]
[29.009959, "o", "l"]
[29.11607, "o", "s"]
[29.926508, "o", "m"]
[30.168808, "o", "\u0007"]
[30.867331, "o", "e"]
[31.223324, "o", "m "]
[32.011769, "o", "\r\n"]
[32.051374, "o", "RANGE                                  SIZE  STATE REMOVABLE   BLOCK\r\n0x0000000000000000-0x00000000ffffffff    4G online        no     0-1\r\n0x0000000100000000-0x0000002effffffff  184G online       yes    2-93\r\n0x0000002f00000000-0x000000307fffffff    6G online        no   94-96\r\n0x0000003080000000-0x00000048ffffffff   98G online       yes  97-145\r\n0x0000004900000000-0x000000497fffffff    2G online        no     146\r\n0x0000004980000000-0x0000005effffffff   86G online       yes 147-189\r\n0x0000005f00000000-0x000000607fffffff    6G online        no 190-192\r\n\r\nMemory block size:         2G\r\nTotal online memory:     386G\r\nTotal offline memory:      0B\r\n\u001b]0;steven@master: ~\u0007\u001b[01;32msteven@master\u001b[00m:\u001b[01;34m~\u001b[00m$ "]
[38.592597, "o", "z"]
[38.918797, "o", "p"]
[39.163579, "o", "o"]
[39.567074, "o", "ol "]
[40.556437, "o", "s"]
[40.781601, "o", "t"]
[40.82812, "o", "a"]
[40.973928, "o", "t"]
[41.725069, "o", "u"]
[41.802305, "o", "s"]
[43.901839, "o", "\r\n"]
[43.91439, "o", "  pool: disk_pool\r\n state: ONLINE\r\n  scan: none requested\r\nconfig:\r\n\r\n\tNAME        STATE     READ WRITE CKSUM\r\n\tdisk_pool   ONLINE       0     0     0\r\n\t  nvme0n1   ONLINE       0     0     0\r\n\t  nvme1n1   ONLINE       0     0     0\r\n\t  nvme2n1   ONLINE       0     0     0\r\n\t  nvme3n1   ONLINE       0     0     0\r\n\r\nerrors: No known data errors\r\n"]
[43.915448, "o", "\u001b]0;steven@master: ~\u0007\u001b[01;32msteven@master\u001b[00m:\u001b[01;34m~\u001b[00m$ "]
[47.486981, "o", "z"]
[47.684444, "o", "f"]
[47.800741, "o", "s"]
[48.804954, "o", " "]
[49.120064, "o", "l"]
[49.371863, "o", "i"]
[49.549961, "o", "s"]
[49.804085, "o", "t"]
[54.41401, "o", "\r\n"]
[54.427956, "o", "NAME                USED  AVAIL     REFER  MOUNTPOINT\r\ndisk_pool          3.98M  3.15T       27K  /opt\r\ndisk_pool/pvfs01   2.17M  3.15T     2.17M  /opt/pvfs01\r\ndisk_pool/pvfs02    818K  3.15T      818K  /opt/pvfs02\r\ndisk_pool/pvfs03    818K  3.15T      818K  /opt/pvfs03\r\ndisk_pool/scratch    29K  3.15T       29K  /opt/scratch\r\n"]
[54.428637, "o", "\u001b]0;steven@master: ~\u0007\u001b[01;32msteven@master\u001b[00m:\u001b[01;34m~\u001b[00m$ "]
[59.783325, "o", "l"]
[59.866101, "o", "s"]
[60.003304, "o", " "]
[60.938127, "o", "."]
[62.143306, "o", "l"]
[62.370696, "o", "o"]
[62.458396, "o", "cal/"]
[64.872329, "o", "\r\n"]
[64.888854, "o", "\u001b[0m\u001b[01;34mbin\u001b[0m  \u001b[01;34minclude\u001b[0m  \u001b[01;34mlib\u001b[0m  \u001b[01;34mman\u001b[0m  \u001b[01;34mshare\u001b[0m\r\n\u001b]0;steven@master: ~\u0007\u001b[01;32msteven@master\u001b[00m:\u001b[01;34m~\u001b[00m$ "]
[70.999388, "o", "ls .local/"]
[71.979903, "o", "b"]
[72.256668, "o", "i"]
[72.395641, "o", "n/"]
[72.923157, "o", "\r\n"]
[72.936893, "o", "job_cleanup       job_compile_ior     job_perf       job_throughput_fio  job_throughput_macsio\r\njob_compile_hdf5  job_compile_macsio  job_test_hdf5  job_throughput_ior  job_update_hdf5\r\n"]
[72.940286, "o", "\u001b]0;steven@master: ~\u0007\u001b[01;32msteven@master\u001b[00m:\u001b[01;34m~\u001b[00m$ "]
[85.161666, "o", "logout\r\n"]
[85.175071, "o", "\u001b]0;steven@honshu: ~\u0007\u001b[01;32msteven@honshu\u001b[00m:\u001b[01;34m~\u001b[00m$ "]
[87.063064, "o", "exit\r\n"]
